Affordable Beautiful pool home,https://miami.craigslist.org/brw/apa/d/pompano-beach-affordable-beautiful-pool/6948590919.html,$1975, (Coral Springs)
Beautiful pool home,https://miami.craigslist.org/mdc/apa/d/opa-locka-beautiful-pool-home/6946440393.html,$2300, (Miami Gardens)
Beautiful upgraded pool home,https://miami.craigslist.org/mdc/apa/d/miami-beautiful-upgraded-pool-home/6946529990.html,$2500, (Miami)
Beautiful upgraded pool,https://miami.craigslist.org/brw/apa/d/hollywood-beautiful-upgraded-pool/6940619151.html,$2300, (Miramar)
‚óè‚ñ∫ KENDALL: GREAT RENTAL 3Bedrooms,https://miami.craigslist.org/mdc/apa/d/kendall-great-rental-3bedrooms/6953991426.html,$1950, (Kendall)
"3 bed- Garbage Disposal, Ceiling Fans, Alarm System",https://miami.craigslist.org/brw/apa/d/hollywood-3-bed-garbage-disposal/6952462981.html,$1843,
"Great Location EAST BOCAClose to beach shopping and community... 3 Beds, 2 Baths",https://miami.craigslist.org/pbc/apa/d/boca-raton-great-location-east/6944286428.html,$3195, (Boca Raton)
Gorgeous large & spacious single-story 3/2 single-family home with lar... 3 Beds,https://miami.craigslist.org/pbc/apa/d/boca-raton-gorgeous-large-spacious/6944280670.html,$2500, (Boca Raton)
Lovely home in Lighthouse Point near the marina and minutes to the bea... 3 Beds,https://miami.craigslist.org/brw/apa/d/pompano-beach-lovely-home-in-lighthouse/6938414778.html,$2950, (Lighthouse Point)
"Ideal location in the heart of Delray. Minutes from the beach, grocery... 3 Beds",https://miami.craigslist.org/pbc/apa/d/boca-raton-ideal-location-in-the-heart/6939439260.html,$2150, (Delray Beach)
"13 ‚Äì 15 Ft Ceiling Heights, Extra Storage on Patio, Covered Parking",https://miami.craigslist.org/brw/apa/d/pompano-beach-ft-ceiling-heights-extra/6949463219.html,$1801,
Great location is the name of the game with this 3/2/1 in the heart of... 3 Beds,https://miami.craigslist.org/pbc/apa/d/boca-raton-great-location-is-the-name/6938429437.html,$2700, (Boca Raton)
Fabulous 3 bedroom/2 bath single family home in east Boca. This home f... 3 Beds,https://miami.craigslist.org/pbc/apa/d/boca-raton-fabulous-3-bedroom-2-bath/6936687245.html,$2500, (Boca Raton)
NO PETS - Beautiful Deepwater Home With 90' Of Water Frontage 6 Lots f... 3 Beds,https://miami.craigslist.org/pbc/apa/d/boca-raton-no-pets-beautiful-deepwater/6935827640.html,$4650, (Boca Raton)
"**POOL, LAKE FRONT, NEW TILE FLOORS, UPGRADES, CALL TO SEE**",https://miami.craigslist.org/brw/apa/d/hollywood-pool-lake-front-new-tile/6952545351.html,$2800, (PEMBROKE PINES)
"**MOVE IN SPECIALS! LUXURIOUS, AMENITIES, SS/GRANITE, LOCATION, CALL**",https://miami.craigslist.org/brw/apa/d/fort-lauderdale-move-in-specials/6944344441.html,$2560, (DAVIE)
‚ñ∫‚ñ∫‚ñ∫ COCONUT CREEK: 3Bedrooms IMMACULANT RENTAL,https://miami.craigslist.org/brw/apa/d/pompano-beach-coconut-creek-3bedrooms/6954000445.html,$2515, (Coconut Creek)
"Great School Zone. Bonaventure in Weston, It won't last.",https://miami.craigslist.org/brw/apa/d/weston-great-school-zone-bonaventure-in/6939202374.html,$2450, (Weston)
"Superior school district (Gator Run Elementary, Falcon Cove Middle)",https://miami.craigslist.org/brw/apa/d/fort-lauderdale-superior-school/6939196967.html,$2500, (Weston)
"Free WiFi at Clubhouse, Tennis Court, Vaulted Ceilings",https://miami.craigslist.org/pbc/apa/d/boynton-beach-free-wifi-at-clubhouse/6951013017.html,$1745, (Boynton Beach)
"GORGEOUS 3/2 WITH W/D, PARKING, POOL, GYM, ETC.. ONLY $500 DEPOSIT",https://miami.craigslist.org/mdc/apa/d/gorgeous-3-2-with-d-parking-pool-gym/6935417841.html,$2750, (NORTH BAY VILLAGE - MIAMI BEACH)
"GORGEOUS 3/2 WITH W/D, PARKING, POOL, GYM, ETC..( ONLY $1000 DEPOSIT )",https://miami.craigslist.org/mdc/apa/d/miami-gorgeous-3-2-with-d-parking-pool/6936034477.html,$3200, (BRICKELL)
"GORGEOUS 3/2 WITH W/D , PARKING, POOL, GYM.. ( ONLY $500 DEPOSIT )",https://miami.craigslist.org/mdc/apa/d/gorgeous-3-2-with-d-parking-pool-gym/6936030921.html,$3200, (MIDTOWN / EDGEWATER)
‚ñê‚ñ¨ GREAT UNIT KENDALL: 3Bedrooms,https://miami.craigslist.org/mdc/apa/d/great-unit-kendall-3bedrooms/6953989193.html,$1400, (Kendall)
UNREAL PRICE LIMITED TIME MOVE IN SPECIAL ‚ó•‚ó•‚ó§‚ó§ 3 Bedroom in MIRAMAR,https://miami.craigslist.org/brw/apa/d/unreal-price-limited-time-move-in/6953989031.html,$1900, (Miramar)
"GORGEOUS 3/2 WITH W/D, POOL, GYM, PARKING,. (ONLY 2 MONTHS TO MOVE IN)",https://miami.craigslist.org/mdc/apa/d/gorgeous-3-2-with-d-pool-gym-parking/6936744681.html,$2950, (BRICKELL)
"GORGEOUS 3/2 WITH W/D, PARKING, POOL, GYM..( ONLY 1 MONTH DEPOSIT )",https://miami.craigslist.org/mdc/apa/d/gorgeous-3-2-with-d-parking-pool-gym/6933754974.html,$2500, (SOUTH MIAMI)
ESPECTACULAR 3 BEDS CONDO IN KENDALL WITH EXCELLENT FLOORING,https://miami.craigslist.org/mdc/apa/d/miami-espectacular-3-beds-condo-in/6953912105.html,$1575, (MIAMI KENDALL)
‚ñê‚ñ¨ EASY TO SHOW  3bed/2bath KENDALL:,https://miami.craigslist.org/mdc/apa/d/easy-to-show-3bed-2bath-kendall/6953987178.html,$1400, (Kendall)
‚óè‚ñ∫ RENTAL ARE MOVING FAST 3bed/2bath KENDALL:,https://miami.craigslist.org/mdc/apa/d/rental-are-moving-fast-3bed-2bath/6953952266.html,$2400, (Kendall)
Live in Pompano Beach Condo,https://miami.craigslist.org/brw/apa/d/pompano-beach-live-in-pompano-beach/6953984610.html,$1900,
"LUXURY 3/2 WITH W/D, POOL, GYM, PARKING, ETC.( ONLY $500 DEPOSIT)",https://miami.craigslist.org/mdc/apa/d/north-miami-beach-luxury-3-2-with-d/6936639196.html,$2600, (NORTH MIAMI BEACH)
"GORGEOUS 3/2 ALL MODERN WITH W/D, PARKING, POOL, GYM..ONLY 750 DEPOSIT",https://miami.craigslist.org/mdc/apa/d/gorgeous-3-2-all-modern-with-d-parking/6936521956.html,$2500, (LITTLE HAVANA)
Luxury at it's finest! Beautiful 3/2 apt home available now!,https://miami.craigslist.org/brw/apa/d/fort-lauderdale-luxury-at-its-finest/6953981441.html,$2045," (1501 NW 124th Terrace Sunrise, FL)"
"GORGEOUS 3/2 WITH W/D, PARKING, POOL, GYM.. ( ONLY $500 DEPOSIT )",https://miami.craigslist.org/mdc/apa/d/miami-gorgeous-3-2-with-d-parking-pool/6935816504.html,$2850, (EDGEWATER)
"GORGEOUS 3/2 WITH BAY VIEWS, W/D , PARKING, POOL, GYM.. ETC....",https://miami.craigslist.org/mdc/apa/d/gorgeous-3-2-with-bay-views-d-parking/6936003585.html,$3300, (DOWNTOWN)
"LUXURY 3/2 WITH W/D, POOL, GYM, PARKING, ETC.... ( ONLY $500 DEPOSIT )",https://miami.craigslist.org/mdc/apa/d/luxury-3-2-with-d-pool-gym-parking-etc/6936071853.html,$3375, (MIDTOWN)
"LUXURY 3/2 WITH W/D, PARKING, POOL, GYM, ETC...( ONLY $500 DEPOSIT )",https://miami.craigslist.org/mdc/apa/d/miami-luxury-3-2-with-d-parking-pool/6935856049.html,$3500, (DOWNTOWN)
"GORGEOUS 3/2 WITH W/D, PARKING, POOL, GYM..(ONLY $800 DEPOSIT)",https://miami.craigslist.org/mdc/apa/d/gorgeous-3-2-with-d-parking-pool/6935874332.html,$2700, (NORTH BAY VILLAGE - MIAMI BEACH)
"LUXURY 3/2 WITH W/D, POOL, GYM, PARKING, ETC....( ONLY $1500 DEPOSIT )",https://miami.craigslist.org/mdc/apa/d/luxury-3-2-with-d-pool-gym-parking-etc/6933608161.html,$3800, (DOWNTOWN / BRICKELl)
"GORGEOUS 3/2 WITH W/D , PARKING, POOL, GYM.. ( ONLY $500 DEPOSIT )",https://miami.craigslist.org/mdc/apa/d/gorgeous-3-2-with-d-parking-pool-gym/6935843299.html,$3495, (MIDTOWN / EDGEWATER)
"GORGEOUS 3/2 WITH W/D, PARKING, GYM, POOL, ( ONLY 250 DEPOSIT)",https://miami.craigslist.org/mdc/apa/d/gorgeous-3-2-with-d-parking-gym-pool/6935399503.html,$2800, (DADELAND)
"GORGEOUS 3/2 WITH W/D, PARKING, POOL, GYM, ETC,.( ONLY $750 DEPOSIT )",https://miami.craigslist.org/brw/apa/d/gorgeous-3-2-with-d-parking-pool-gym/6935730887.html,$3500, (DOWNTOWN)
"GORGEOUS 3/2 WITH W/D , PARKING, POOL, GYM.. ( ONLY $600 DEPOSIT )",https://miami.craigslist.org/mdc/apa/d/gorgeous-3-2-with-d-parking-pool-gym/6935741052.html,$2500, (PEMBROKE PINES)
"LUXURY 3/2 WITH W/D, PARKING, POOL, GYM, ETC...( ONLY $500 DEPOSIT )",https://miami.craigslist.org/mdc/apa/d/miami-luxury-3-2-with-d-parking-pool/6935856285.html,$4295, (DOWNTOWN)
"LUXURY 3/2 WITH DIRECT BAY VIEW, W/D, POOL, GYM, PARKING, ETC ..",https://miami.craigslist.org/mdc/apa/d/luxury-3-2-with-direct-bay-view-d-pool/6936066595.html,$6000, (DOWNTOWN)
"GORGEOUS 3/2 WITH W/D, POOL, GYM, PARKING, ETC...( ONLY $500 DEPOSIT )",https://miami.craigslist.org/mdc/apa/d/miami-gorgeous-3-2-with-d-pool-gym/6934570928.html,$2500, (DOWNTOWN / MIAMI RIVER)
‚óè‚ñ∫ 3Bedrooms KENDALL: THIS UNIT WONT LAST,https://miami.craigslist.org/mdc/apa/d/hialeah-3bedrooms-kendall-this-unit/6953950798.html,$2400, (Kendall)
"Washer and Dryer Included, Covered Parking, Playground",https://miami.craigslist.org/brw/apa/d/pompano-beach-washer-and-dryer-included/6952519011.html,$1797,
BLUE BAY TOWER-mid beach-boutique-modern-VIEWS-parking-laundry,https://miami.craigslist.org/mdc/apa/d/blue-bay-tower-mid-beach-boutique/6952316305.html,$2900, (mid beach-miami beach)
‚ñ∫‚ñ∫‚ñ∫ CORAL SPRINGS: EASY TO SHOW  3Bedrooms,https://miami.craigslist.org/brw/apa/d/pompano-beach-coral-springs-easy-to/6953962824.html,$1750, (Coral Springs)
"Quartz Countertops in Selected Units, Alarm System, Tot Lot",https://miami.craigslist.org/brw/apa/d/hollywood-quartz-countertops-in/6935558419.html,$2084, (Pembroke Pines)
"Playground, High Speed Internet Available, Pet Park",https://miami.craigslist.org/brw/apa/d/pompano-beach-playground-high-speed/6953962611.html,$1818,
3/2 VILLA 4 RENT WITH CANAL VIEW!,https://miami.craigslist.org/mdc/apa/d/miami-3-2-villa-4-rent-with-canal-view/6953961950.html,$1575, (WEST KENDALL)
‚ñå‚ñº‚ñê LAUDERHILL THIS UNIT WONT LAST 3bed/2bath,https://miami.craigslist.org/brw/apa/d/fort-lauderdale-lauderhill-this-unit/6953948332.html,$1925, (Lauderhill)
@3 BR / 2 BA in a great community close to I-95 - $1795,https://miami.craigslist.org/pbc/apa/d/3-br-2-ba-in-great-community-close-to/6937575744.html,$1795, (Boynton Beach)
‚ñ∫‚ñ∫‚ñ∫ GREAT OPPORTUNITY CORAL SPRINGS: 3Bedrooms,https://miami.craigslist.org/brw/apa/d/pompano-beach-great-opportunity-coral/6953960568.html,$1750, (Coral Springs)
‚ñê‚ñ¨ KENDALL: 3bed/2bath CLOSE TO EVERYTHING,https://miami.craigslist.org/mdc/apa/d/kendall-3bed-2bath-close-to-everything/6953960221.html,$2000, (Kendall)
"LUXURY 3/2 WITH W/D, POOL, GYM, PARKING, ETC..(ONLY $1500 DEPOSIT )",https://miami.craigslist.org/mdc/apa/d/luxury-3-2-with-d-pool-gym-parking/6935406757.html,$3500, (CORAL GABLES)
"GORGEOUS 3/2 WITH W/D , PARKING, POOL, GYM.. ( ONLY $500 DEPOSIT )",https://miami.craigslist.org/mdc/apa/d/gorgeous-3-2-with-d-parking-pool-gym/6935075701.html,$2850, (DADELAND)
"3/2 Apt - 1.5  MONTH FREE - Newly Renovated Boynton Beach, Walk To Oc",https://miami.craigslist.org/pbc/apa/d/boynton-beach-3-2-apt-15-month-free/6936320719.html,$2050, (Boynton Beach)
"3 bed- 9-Foot Ceilings, Pets With Limitations, W/D Hookups",https://miami.craigslist.org/brw/apa/d/hollywood-3-bed-9-foot-ceilings-pets/6953955107.html,$1843,
"3/2 Apt - 1.5  MONTH FREE - Newly Renovated Boynton Beach, Walk To Oce",https://miami.craigslist.org/pbc/apa/d/boynton-beach-3-2-apt-15-month-free/6942752215.html,$1995, (Boynton Beach)
3/2 Apt - - Brand New: Atlantic Ave Downtown Delray Beach,https://miami.craigslist.org/pbc/apa/d/delray-beach-3-2-apt-brand-new-atlantic/6936304969.html,$2489, (Delray Beach)
"Business Center with Complimentary WiFi, Pantry, Racquetball Court",https://miami.craigslist.org/brw/apa/d/pompano-beach-business-center-with/6950946942.html,$1624,
3/2 Apt - 1.5 MONTHS FREE - Brand New in Delray Beach,https://miami.craigslist.org/pbc/apa/d/delray-beach-3-2-apt-15-months-free/6932970213.html,$2070, (Delray Beach)
"Two Car Wash Areas, Access Controlled Community, Alarm System",https://miami.craigslist.org/brw/apa/d/pompano-beach-two-car-wash-areas-access/6949261061.html,$1951,
3 Bedroom 2 Bath Apartment,https://miami.craigslist.org/pbc/apa/d/west-palm-beach-3-bedroom-2-bath/6953953396.html,$1884,
"3 bed- WiFi Hotspots, Ceiling Fans with Light Kits, Black Appliances",https://miami.craigslist.org/brw/apa/d/pompano-beach-3-bed-wifi-hotspots/6953948578.html,$1775,
‚ñê‚ñ¨ ENJOY EXCELLENCE IN LIVING KENDALL: 3bed/2bath,https://miami.craigslist.org/mdc/apa/d/enjoy-excellence-in-living-kendall-3bed/6953950274.html,$1500, (Kendall)
"Gourmet Kitchens w/ Granite, Virtual Fitness Classes, Intrusion Alarms",https://miami.craigslist.org/brw/apa/d/pompano-beach-gourmet-kitchens-granite/6939762153.html,$2445, (Coconut Creek)
‚ñ∫‚ñ∫‚ñ∫ 3Bedrooms CORAL SPRINGS: READY TO MOVE IN,https://miami.craigslist.org/brw/apa/d/pompano-beach-3bedrooms-coral-springs/6953948603.html,$2500, (Coral Springs)
House with new upgrades-must see!,https://miami.craigslist.org/brw/apa/d/pompano-beach-house-with-new-upgrades/6953947828.html,$1860,
"Resort Style Pools, Move In Now, Tennis Courts",https://miami.craigslist.org/pbc/apa/d/boca-raton-resort-style-pools-move-in/6953933889.html,$1845, (Boca Raton)
"3 bedroom - Pool & Outdoor Kitchen, Walk In Closest, Single Flush Toilets",https://miami.craigslist.org/pbc/apa/d/boynton-beach-3-bedroom-pool-outdoor/6946496670.html,$1885,
"3 bed- Beautiful Bathrooms, Alarm System, Tennis Courts",https://miami.craigslist.org/brw/apa/d/hollywood-3-bed-beautiful-bathrooms/6953944696.html,$1993,
‚óâ‚óâ KENDALL: COME SEE US TODAY 3Bedrooms,https://miami.craigslist.org/mdc/apa/d/miami-kendall-come-see-us-today/6952083954.html,$1650, (Kendall)
"Sauna & Steam Rooms, Private Covered Garage Parking, Cafe Bar",https://miami.craigslist.org/pbc/apa/d/fort-lauderdale-sauna-steam-rooms/6953942357.html,$2650,
FABULOUS 3 BEDS TOWNHOUSE IN KENDALL WITH W/D INSIDE,https://miami.craigslist.org/mdc/apa/d/miami-fabulous-3-beds-townhouse-in/6953854160.html,$1800, (MIAMI KENDALL)
"Resident Lounge with Billiards Table, Car Care Station, Tennis Court",https://miami.craigslist.org/brw/apa/d/fort-lauderdale-resident-lounge-with/6953938803.html,$1813,
"Welcome to 6957 W 25th Ave Hialeah, FL 33016",https://miami.craigslist.org/mdc/apa/d/hialeah-welcome-to-th-ave-hialeah-fl/6953928874.html,$1200," (6957 W 25th Ave Hialeah, FL)"
"1700MO 3BED 2BATH 5500 SW 32ND TER FORT LAUDERDALE, BLESSINGS",https://miami.craigslist.org/brw/apa/d/fort-lauderdale-1700mo-3bed-2bath-5500/6953924047.html,$1700," (5500 SW 32ND TER FORT LAUDERDALE, FL 33312-6368)"
"1700MO 3BED 2BATH 1250MO 6944 SW 38 COURT #8-Q MIRAMAR, BLESSINGS",https://miami.craigslist.org/brw/apa/d/hollywood-1700mo-3bed-2bath-1250mo-6944/6953928346.html,$1700," (6944 SW 38 COURT #8-Q MIRAMAR, FL 33023)"
"24-Hour Fitness Center with Yoga Studio, Two Playgrounds, Ceiling Fans",https://miami.craigslist.org/pbc/apa/d/west-palm-beach-24-hour-fitness-center/6953934144.html,$1919,
CONDO/COOP,https://miami.craigslist.org/pbc/apa/d/boynton-beach-condo-coop/6939759595.html,$1600, (Boynton beach)
BLUE BAY TOWER-mid beach-boutique-modern-VIEWS-parking-laundry,https://miami.craigslist.org/mdc/apa/d/blue-bay-tower-mid-beach-boutique/6949007221.html,$2900, (mid beach-miami beach)
"Delray Beach the Village by the Sea. Great amenities, beautiful units!",https://miami.craigslist.org/pbc/apa/d/delray-beach-the-village-by-the-sea/6949919548.html,$1905, (Delray Beach)
360 CONDO-mid beach-modern-VIEWS-parking-laundry-pets,https://miami.craigslist.org/mdc/apa/d/360-condo-mid-beach-modern-views/6946085938.html,$5000, (mid beach-miami beach)
"Fitness Center with updated equipment, Swimming Pool, Car Wash Area",https://miami.craigslist.org/brw/apa/d/pompano-beach-fitness-center-with/6953933352.html,$1899,
"3/2 Updated Condo, All tile, WD - Keys, Turnpike, Hospital, Base",https://miami.craigslist.org/mdc/apa/d/homestead-3-2-updated-condo-all-tile-wd/6951592156.html,$1395, (Homestead)
"Miami 3/2 House - Across Tropical Park, Coral Gables, Downtown, Hyws",https://miami.craigslist.org/mdc/apa/d/miami-miami-3-2-house-across-tropical/6952312269.html,$2400, (Miami)
When Only the BEST Will Do! TWO MONTHS FREE! Truly Spectacular!,https://miami.craigslist.org/pbc/apa/d/boca-raton-when-only-the-best-will-do/6931969814.html,$4200, (Boca Raton)
"Beautifully Re-Done! BOYNTON DELRAY BORDER - Low, Low Move-In!",https://miami.craigslist.org/pbc/apa/d/boynton-beach-beautifully-re-done/6943463001.html,$1675, (Boynton Beach)
TWO MONTHS FREE! Walk to the Ocean! MOVE-IN FOR $299!!!,https://miami.craigslist.org/pbc/apa/d/boynton-beach-two-months-free-walk-to/6949935521.html,$2353, (Boynton Beach)
THIS IS YOUR VIEW!!! Rare Ocean-Intracoastal Complex! ONE MONTH FREE!,https://miami.craigslist.org/pbc/apa/d/boca-raton-this-is-your-view-rare-ocean/6949915967.html,$3199, (Boca Raton)
"Quickview Map 229 NE 101st St, Miami Shores, FL 33138 Commute Time 3 b",https://miami.craigslist.org/mdc/apa/d/miami-quickview-map-229-ne-101st-st/6949315937.html,$1300," (Miami Shores, FL 33138)"
Huge Town Home with Attached 2-Car Garage! On Atlantic!,https://miami.craigslist.org/pbc/apa/d/delray-beach-huge-town-home-with/6949887559.html,$2465, (Delray Beach)
First Month Free!!! AMAZING NEW PROPERTY!,https://miami.craigslist.org/brw/apa/d/pompano-beach-first-month-free-amazing/6949903366.html,$2700, (Pompano Beach)
"Private Patio or Balcony, High Speed Internet Available, Tennis Court",https://miami.craigslist.org/brw/apa/d/fort-lauderdale-private-patio-or/6952469608.html,$2124,
üè¢3/2 Modern Apartment - Brand New Construction üè¢,https://miami.craigslist.org/mdc/apa/d/miami-3-2-modern-apartment-brand-new/6949354230.html,$5350, (Coral Gables)
"Lighted Tennis Courts, Plush Carpets in Bedrooms, Washer and Dryer",https://miami.craigslist.org/pbc/apa/d/boca-raton-lighted-tennis-courts-plush/6953920865.html,$2455,
‚óè‚ñ∫ 3Bedrooms KENDALL: MUST SEE THIS UNIT,https://miami.craigslist.org/mdc/apa/d/3bedrooms-kendall-must-see-this-unit/6952095648.html,$1650, (Kendall)
1700MO 3BED 2BATH 1041 NE 16TH TER FORT LAUDERDALE BLESSINGS,https://miami.craigslist.org/brw/apa/d/fort-lauderdale-1700mo-3bed-2bath-1041/6953919381.html,$1700," (1041 NE 16TH TER FORT LAUDERDALE, FL 33304)"
3/2 garage-family home-fenced yard,https://miami.craigslist.org/pbc/apa/d/jupiter-3-2-garage-family-home-fenced/6953913411.html,$1750, (jupiter)
"Private Balcony, Scenic Courtyard and Lake Views, Wood Style Flooring",https://miami.craigslist.org/brw/apa/d/pompano-beach-private-balcony-scenic/6953915962.html,$1714,
Moments from premier shopping and dining at the Boynton Beach Mall,https://miami.craigslist.org/pbc/apa/d/boynton-beach-moments-from-premier/6932468960.html,$1750,
THE LOWEST PRICE FOR A BEAUTIFUL 3/2 CORAL SPRINGS,https://miami.craigslist.org/brw/apa/d/pompano-beach-the-lowest-price-for/6953914308.html,$1690, (Coral Springs)
‚óè‚ñ∫ KENDALL: 3bed/2bath ITS ONE OF A KIND,https://miami.craigslist.org/mdc/apa/d/kendall-3bed-2bath-its-one-of-kind/6953881471.html,$2100, (Kendall)
1700MO 3BED 2BATH 1954 SW 60 TERRACE #1954 NORTH LAUDERDALE BLESSINGS,https://miami.craigslist.org/brw/apa/d/pompano-beach-1700mo-3bed-2bath-1954-sw/6953913151.html,$1700," (1954 SW 60 TERRACE #1954 NORTH LAUDERDALE, FL 33068)"
‚ñê‚ñ¨ KENDALL: 3Bedrooms MUST SEE THIS RENTAL,https://miami.craigslist.org/mdc/apa/d/kendall-3bedrooms-must-see-this-rental/6953904753.html,$1450, (Kendall)
Beautiful 3 bedroom,https://miami.craigslist.org/pbc/apa/d/west-palm-beach-beautiful-3-bedroom/6950922689.html,$1931,
1700MO 3BED 2BATH 1818 RACQUET CT NORTH LAUDERDALE BLESSINGS,https://miami.craigslist.org/brw/apa/d/pompano-beach-1700mo-3bed-2bath-1818/6953909523.html,$1700," (1818 RACQUET CT NORTH LAUDERDALE, FL 33068-5445)"
‚óè‚ñ∫ 3bed/2bath KENDALL: SUPER PRICE  ON THIS UNIT,https://miami.craigslist.org/mdc/apa/d/3bed-2bath-kendall-super-price-on-this/6953893655.html,$2100, (Kendall)
"1700MO 3BED 2BATH 3730 NW 115TH AVE #3 CORAL SPRINGS, BLESSINGS",https://miami.craigslist.org/brw/apa/d/pompano-beach-1700mo-3bed-2bath-3730-nw/6953906092.html,$1700," (3730 NW 115TH AVE #3 CORAL SPRINGS, FL 33065-2682)"
3/2 Single Family Home for Rent,https://miami.craigslist.org/pbc/apa/d/boca-raton-3-2-single-family-home-for/6944833371.html,$2975, (East Boca Raton)
3/2 - 4th flr apt w/DIRECT VIEW OF INTRACOSTAL WATERWAYS,https://miami.craigslist.org/pbc/apa/d/boca-raton-th-flr-apt-direct-view-of/6953901906.html,$3199, (Boca Raton)
FANTASTIC 3 BEDS CONDO IN KENDALL WITH CERAMIC FLOORING,https://miami.craigslist.org/mdc/apa/d/miami-fantastic-3-beds-condo-in-kendall/6953847307.html,$1650, (MIAMI KENDALL)
"Gorgeous, Renovated 3/2 West Boca Pool Home!!",https://miami.craigslist.org/pbc/apa/d/boca-raton-gorgeous-renovated-3-2-west/6947568487.html,$2600, (Boca Raton)
"Fabulous, Renovated East Boca 3/2 Condo",https://miami.craigslist.org/pbc/apa/d/boca-raton-fabulous-renovated-east-boca/6936831661.html,$2600, (Boca Raton)
single family home in gated Delray community,https://miami.craigslist.org/pbc/apa/d/delray-beach-single-family-home-in/6932432024.html,$2800, (Delray Beach)
